_id,id,ags2,bundesland,ags5,kreis,kr_schu_kom,kr_sk,kr_us_ew
1,1,01,Schleswig-Holstein,01001,"Flensburg, Stadt",1282.4,767.3,78.1
2,2,01,Schleswig-Holstein,01002,"Kiel, Landeshauptstadt",2269.4,755.3,87.5
3,3,01,Schleswig-Holstein,01003,"Lübeck, Hansestadt",3039.8,724.8,80.8
4,4,01,Schleswig-Holstein,01004,"Neumünster, Stadt",1650.6,775.4,73.8
5,5,01,Schleswig-Holstein,01051,Dithmarschen,1831.6,824.7,46.8
6,6,01,Schleswig-Holstein,01053,Herzogtum Lauenburg,1251.8,791.1,36.0
7,7,01,Schleswig-Holstein,01054,Nordfriesland,2433.1,896.3,54.4
8,8,01,Schleswig-Holstein,01055,Ostholstein,1114.9,762.6,42.0
9,9,01,Schleswig-Holstein,01056,Pinneberg,1820.7,1054.6,49.7
10,10,01,Schleswig-Holstein,01057,Plön,1560.1,709.4,29.3
11,11,01,Schleswig-Holstein,01058,Rendsburg-Eckernförde,1233.2,772.1,38.9
12,12,01,Schleswig-Holstein,01059,Schleswig-Flensburg,1499.6,706.4,35.6
13,13,01,Schleswig-Holstein,01060,Segeberg,1434.1,920.9,56.7
14,14,01,Schleswig-Holstein,01061,Steinburg,1363.4,771.3,54.3
15,15,01,Schleswig-Holstein,01062,Stormarn,637.9,1071.5,61.2
16,16,02,Hamburg,02000,Hamburg,0.0,1369.2,127.9
17,17,03,Niedersachsen,03101,Braunschweig,226.1,994.2,100.0
18,18,03,Niedersachsen,03102,Salzgitter,3507.3,767.6,104.1
19,19,03,Niedersachsen,03103,Wolfsburg,853.0,1394.1,184.6
20,20,03,Niedersachsen,03151,Gifhorn,780.7,722.2,34.4
21,21,03,Niedersachsen,03153,Goslar,1030.1,638.6,50.7
22,22,03,Niedersachsen,03154,Helmstedt,2865.9,670.2,38.2
23,23,03,Niedersachsen,03155,Northeim,1653.4,719.4,56.8
24,24,03,Niedersachsen,03157,Peine,1538.3,679.0,40.0
25,25,03,Niedersachsen,03158,Wolfenbüttel,1591.4,757.6,36.5
26,26,03,Niedersachsen,03159,Göttingen,1206.3,742.1,63.6
27,27,03,Niedersachsen,03241,Hannover,2701.9,971.3,92.6
28,28,03,Niedersachsen,03251,Diepholz,665.6,866.0,56.2
29,29,03,Niedersachsen,03252,Hameln-Pyrmont,1695.3,671.2,68.8
30,30,03,Niedersachsen,03254,Hildesheim,1840.6,720.9,56.8
31,31,03,Niedersachsen,03255,Holzminden,1706.8,785.7,55.7
32,32,03,Niedersachsen,03256,Nienburg/Weser,1452.9,728.7,50.2
33,33,03,Niedersachsen,03257,Schaumburg,2022.7,663.5,43.2
34,34,03,Niedersachsen,03351,Celle,2929.1,689.3,50.4
35,35,03,Niedersachsen,03352,Cuxhaven,1745.5,654.2,32.9
36,36,03,Niedersachsen,03353,Harburg,862.4,880.2,34.7
37,37,03,Niedersachsen,03354,Lüchow-Dannenberg,1975.4,583.0,43.4
38,38,03,Niedersachsen,03355,Lüneburg,2427.4,742.8,44.3
39,39,03,Niedersachsen,03356,Osterholz,2605.8,722.5,33.9
40,40,03,Niedersachsen,03357,Rotenburg (Wümme),1094.4,740.6,47.9
41,41,03,Niedersachsen,03358,Heidekreis,1410.1,672.8,49.0
42,42,03,Niedersachsen,03359,Stade,1006.6,804.2,53.6
43,43,03,Niedersachsen,03360,Uelzen,1213.3,668.8,50.9
44,44,03,Niedersachsen,03361,Verden,630.7,892.6,63.0
45,45,03,Niedersachsen,03401,Delmenhorst,1151.9,576.8,45.0
46,46,03,Niedersachsen,03402,Emden,1843.7,984.5,134.7
47,47,03,Niedersachsen,03403,Oldenburg,402.6,890.2,83.5
48,48,03,Niedersachsen,03404,Osnabrück,1896.8,849.7,101.9
49,49,03,Niedersachsen,03405,Wilhelmshaven,519.6,691.6,65.2
50,50,03,Niedersachsen,03451,Ammerland,583.4,754.2,45.8
51,51,03,Niedersachsen,03452,Aurich,1946.0,692.6,50.1
52,52,03,Niedersachsen,03453,Cloppenburg,871.3,719.9,53.4
53,53,03,Niedersachsen,03454,Emsland,624.1,759.4,62.0
54,54,03,Niedersachsen,03455,Friesland,1163.1,669.8,41.7
55,55,03,Niedersachsen,03456,Grafschaft Bentheim,1155.4,711.8,51.7
56,56,03,Niedersachsen,03457,Leer,1221.8,638.6,38.4
57,57,03,Niedersachsen,03458,Oldenburg,444.0,765.9,44.2
58,58,03,Niedersachsen,03459,Osnabrück,1107.6,748.1,54.7
59,59,03,Niedersachsen,03460,Vechta,454.8,929.8,68.3
60,60,03,Niedersachsen,03461,Wesermarsch,2450.5,866.3,69.0
61,61,03,Niedersachsen,03462,Wittmund,1013.0,661.5,43.0
62,62,04,Bremen,04011,Bremen,0.0,943.8,99.9
63,63,04,Bremen,04012,Bremerhaven,0.0,663.8,75.2
64,64,05,Nordrhein-Westfalen,05111,Düsseldorf,122.3,1487.3,172.6
65,65,05,Nordrhein-Westfalen,05112,Duisburg,3958.7,680.7,74.9
66,66,05,Nordrhein-Westfalen,05113,Essen,5881.8,915.0,101.9
67,67,05,Nordrhein-Westfalen,05114,Krefeld,2410.8,850.1,91.6
68,68,05,Nordrhein-Westfalen,05116,Mönchengladbach,4284.1,803.4,78.0
69,69,05,Nordrhein-Westfalen,05117,Mülheim an der Ruhr,9019.0,860.4,91.6
70,70,05,Nordrhein-Westfalen,05119,Oberhausen,8957.6,667.2,70.1
71,71,05,Nordrhein-Westfalen,05120,Remscheid,5854.7,815.2,97.9
72,72,05,Nordrhein-Westfalen,05122,Solingen,4397.1,829.4,76.6
73,73,05,Nordrhein-Westfalen,05124,Wuppertal,4631.9,886.2,80.6
74,74,05,Nordrhein-Westfalen,05154,Kleve,621.1,710.2,55.3
75,75,05,Nordrhein-Westfalen,05158,Mettmann,1441.7,1488.1,91.3
76,76,05,Nordrhein-Westfalen,05162,Rhein-Kreis Neuss,1187.6,1128.3,80.7
77,77,05,Nordrhein-Westfalen,05166,Viersen,1239.2,805.7,61.7
78,78,05,Nordrhein-Westfalen,05170,Wesel,2441.0,776.9,56.9
79,79,05,Nordrhein-Westfalen,05314,Bonn,4781.3,1070.8,102.6
80,80,05,Nordrhein-Westfalen,05315,Köln,2470.3,1122.8,120.2
81,81,05,Nordrhein-Westfalen,05316,Leverkusen,2523.9,909.2,107.4
82,82,05,Nordrhein-Westfalen,05334,Aachen,2955.5,819.9,73.5
83,83,05,Nordrhein-Westfalen,05358,Düren,2491.6,768.3,63.3
84,84,05,Nordrhein-Westfalen,05362,Rhein-Erft-Kreis,1762.9,944.3,65.4
85,85,05,Nordrhein-Westfalen,05366,Euskirchen,1940.1,765.8,52.3
86,86,05,Nordrhein-Westfalen,05370,Heinsberg,1064.1,693.0,44.0
87,87,05,Nordrhein-Westfalen,05374,Oberbergischer Kreis,3276.3,848.2,78.7
88,88,05,Nordrhein-Westfalen,05378,Rheinisch-Bergischer Kreis,1673.3,865.9,51.8
89,89,05,Nordrhein-Westfalen,05382,Rhein-Sieg-Kreis,2858.5,823.1,49.7
90,90,05,Nordrhein-Westfalen,05512,Bottrop,2652.9,677.0,60.0
91,91,05,Nordrhein-Westfalen,05513,Gelsenkirchen,4612.7,681.6,70.2
92,92,05,Nordrhein-Westfalen,05515,Münster,2592.3,1072.2,110.5
93,93,05,Nordrhein-Westfalen,05554,Borken,913.8,833.5,69.7
94,94,05,Nordrhein-Westfalen,05558,Coesfeld,630.2,781.2,52.6
95,95,05,Nordrhein-Westfalen,05562,Recklinghausen,4213.3,696.4,55.0
96,96,05,Nordrhein-Westfalen,05566,Steinfurt,1050.6,769.3,59.5
97,97,05,Nordrhein-Westfalen,05570,Warendorf,766.4,788.5,66.0
98,98,05,Nordrhein-Westfalen,05711,Bielefeld,1719.8,851.5,93.5
99,99,05,Nordrhein-Westfalen,05754,Gütersloh,521.4,1085.1,91.4
100,100,05,Nordrhein-Westfalen,05758,Herford,2287.4,841.7,78.6
101,101,05,Nordrhein-Westfalen,05762,Höxter,594.2,680.4,56.8
102,102,05,Nordrhein-Westfalen,05766,Lippe,2434.0,768.0,66.6
103,103,05,Nordrhein-Westfalen,05770,Minden-Lübbecke,1140.5,853.6,78.9
104,104,05,Nordrhein-Westfalen,05774,Paderborn,795.8,784.6,68.6
105,105,05,Nordrhein-Westfalen,05911,Bochum,4961.8,757.1,76.6
106,106,05,Nordrhein-Westfalen,05913,Dortmund,4118.4,791.7,81.1
107,107,05,Nordrhein-Westfalen,05914,Hagen,6225.6,753.8,84.7
108,108,05,Nordrhein-Westfalen,05915,Hamm,2391.9,627.6,63.3
109,109,05,Nordrhein-Westfalen,05916,Herne,5024.8,578.5,65.1
110,110,05,Nordrhein-Westfalen,05954,Ennepe-Ruhr-Kreis,3052.6,870.3,76.9
111,111,05,Nordrhein-Westfalen,05958,Hochsauerlandkreis,1734.0,856.1,78.0
112,112,05,Nordrhein-Westfalen,05962,Märkischer Kreis,2267.6,906.1,88.5
113,113,05,Nordrhein-Westfalen,05966,Olpe,675.0,972.8,88.2
114,114,05,Nordrhein-Westfalen,05970,Siegen-Wittgenstein,2110.9,943.1,92.7
115,115,05,Nordrhein-Westfalen,05974,Soest,1395.1,826.8,71.7
116,116,05,Nordrhein-Westfalen,05978,Unna,2687.0,748.1,66.4
117,117,06,Hessen,06411,Kreisfreie Stadt Darmstadt,3419.0,1163.9,123.4
118,118,06,Hessen,06412,Kreisfreie Stadt Frankfurt am Main,2077.7,1876.2,231.6
119,119,06,Hessen,06413,Kreisfreie Stadt Offenbach am Main,7184.9,789.4,87.0
120,120,06,Hessen,06414,Landeshauptstadt Wiesbaden,1223.7,1332.5,112.9
121,121,06,Hessen,06431,Bergstraße,2181.0,979.4,46.7
122,122,06,Hessen,06432,Darmstadt-Dieburg,1794.9,986.1,45.5
123,123,06,Hessen,06433,Groß-Gerau,4067.0,935.8,73.9
124,124,06,Hessen,06434,Hochtaunus,4585.0,1405.4,79.9
125,125,06,Hessen,06435,Main-Kinzig,3224.2,967.7,55.8
126,126,06,Hessen,06436,Main-Taunus,3113.1,1753.7,85.0
127,127,06,Hessen,06437,Odenwaldkreis,2542.2,747.3,43.2
128,128,06,Hessen,06438,Offenbach,4159.3,1111.4,67.8
129,129,06,Hessen,06439,Rheingau-Taunus,3901.1,947.4,38.7
130,130,06,Hessen,06440,Wetterau,2121.1,894.1,42.9
131,131,06,Hessen,06531,Gießen,2260.4,846.7,55.6
132,132,06,Hessen,06532,Lahn-Dill,3297.0,919.0,63.5
133,133,06,Hessen,06533,Limburg-Weilburg,1917.4,868.4,46.6
134,134,06,Hessen,06534,Marburg-Biedenkopf,1736.3,951.3,64.1
135,135,06,Hessen,06535,Vogelsberg,2610.4,723.9,46.6
136,136,06,Hessen,06611,Kreisfreie Stadt Kassel,2008.0,1012.8,113.6
137,137,06,Hessen,06631,Fulda,1218.4,812.9,61.6
138,138,06,Hessen,06632,Hersfeld-Rotenburg,3995.7,680.5,65.3
139,139,06,Hessen,06633,Kassel,2709.1,833.9,56.6
140,140,06,Hessen,06634,Schwalm-Eder,2681.0,720.0,40.3
141,141,06,Hessen,06635,Waldeck-Frankenberg,2533.9,775.4,54.8
142,142,06,Hessen,06636,Werra-Meißner,3655.5,627.5,42.8
143,143,07,Rheinland-Pfalz,07111,Stadt Koblenz,3492.3,1124.0,116.3
144,144,07,Rheinland-Pfalz,07131,Ahrweiler,1526.3,687.3,38.0
145,145,07,Rheinland-Pfalz,07132,Altenkirchen (Ww),3550.6,663.2,48.1
146,146,07,Rheinland-Pfalz,07133,Bad Kreuznach,2729.7,692.0,53.6
147,147,07,Rheinland-Pfalz,07134,Birkenfeld,4621.2,618.9,57.0
148,148,07,Rheinland-Pfalz,07135,Cochem-Zell,2384.9,636.4,41.7
149,149,07,Rheinland-Pfalz,07137,Mayen-Koblenz,2605.1,755.7,52.0
150,150,07,Rheinland-Pfalz,07138,Neuwied,3086.2,803.9,61.0
151,151,07,Rheinland-Pfalz,07140,Rhein-Hunsrück-Kreis,1384.1,756.4,52.4
152,152,07,Rheinland-Pfalz,07141,Rhein-Lahn-Kreis,2409.4,674.1,40.6
153,153,07,Rheinland-Pfalz,07143,Westerwaldkreis,1233.6,816.4,53.8
154,154,07,Rheinland-Pfalz,07211,Stadt Trier,6497.0,730.5,83.0
155,155,07,Rheinland-Pfalz,07231,Bernkastel-Wittlich,3188.3,775.5,55.6
156,156,07,Rheinland-Pfalz,07232,Eifelkreis Bitburg-Prüm,2980.6,605.7,48.3
157,157,07,Rheinland-Pfalz,07233,Vulkaneifel,3263.1,686.4,48.7
158,158,07,Rheinland-Pfalz,07235,Trier-Saarburg,2917.6,525.7,27.7
159,159,07,Rheinland-Pfalz,07311,Stadt Frankenthal (Pfalz),4937.1,757.4,70.8
160,160,07,Rheinland-Pfalz,07312,Stadt Kaiserslautern,8409.5,873.4,89.6
161,161,07,Rheinland-Pfalz,07313,Stadt Landau in der Pfalz,1883.6,827.2,73.8
162,162,07,Rheinland-Pfalz,07314,Stadt Ludwigshafen a. Rh.,6953.3,1105.7,149.3
163,163,07,Rheinland-Pfalz,07315,Stadt Mainz,5485.9,996.6,109.4
164,164,07,Rheinland-Pfalz,07316,Stadt Neustadt a.d. W.,1934.5,780.0,54.9
165,165,07,Rheinland-Pfalz,07317,Stadt Pirmasens,9630.2,696.3,93.6
166,166,07,Rheinland-Pfalz,07318,Stadt Speyer,3944.4,1020.0,90.8
167,167,07,Rheinland-Pfalz,07319,Stadt Worms,5270.0,856.2,72.0
168,168,07,Rheinland-Pfalz,07320,Stadt Zweibrücken,7410.0,861.7,89.5
169,169,07,Rheinland-Pfalz,07331,Alzey-Worms,2462.8,713.0,34.9
170,170,07,Rheinland-Pfalz,07332,Bad Dürkheim,3450.4,769.8,36.1
171,171,07,Rheinland-Pfalz,07333,Donnersbergkreis,5096.9,714.6,44.6
172,172,07,Rheinland-Pfalz,07334,Germersheim,2429.5,904.4,57.2
173,173,07,Rheinland-Pfalz,07335,Kaiserslautern,5243.6,637.4,30.5
174,174,07,Rheinland-Pfalz,07336,Kusel,7572.6,549.1,30.3
175,175,07,Rheinland-Pfalz,07337,Südliche Weinstraße,1546.9,734.3,39.6
176,176,07,Rheinland-Pfalz,07338,Rhein-Pfalz-Kreis,1433.2,774.9,29.8
177,177,07,Rheinland-Pfalz,07339,Mainz-Bingen,1324.3,1450.8,64.0
178,178,07,Rheinland-Pfalz,07340,Südwestpfalz,1707.4,599.0,29.7
179,179,08,Baden-Württemberg,08111,Stuttgart,33.6,1347.0,142.8
180,180,08,Baden-Württemberg,08115,Böblingen,530.4,1328.7,93.2
181,181,08,Baden-Württemberg,08116,Esslingen,521.3,1155.6,72.9
182,182,08,Baden-Württemberg,08117,Göppingen,470.7,912.4,60.0
183,183,08,Baden-Württemberg,08118,Ludwigsburg,313.6,1190.1,71.6
184,184,08,Baden-Württemberg,08119,Rems-Murr-Kreis,400.2,1082.2,62.9
185,185,08,Baden-Württemberg,08121,Heilbronn,160.1,1102.8,108.7
186,186,08,Baden-Württemberg,08125,Heilbronn,431.3,1016.0,67.8
187,187,08,Baden-Württemberg,08126,Hohenlohekreis,471.7,1223.5,91.6
188,188,08,Baden-Württemberg,08127,Schwäbisch Hall,727.2,1018.8,87.4
189,189,08,Baden-Württemberg,08128,Main-Tauber-Kreis,858.5,904.6,66.4
190,190,08,Baden-Württemberg,08135,Heidenheim,1025.4,949.2,70.5
191,191,08,Baden-Württemberg,08136,Ostalbkreis,858.8,1044.4,66.2
192,192,08,Baden-Württemberg,08211,Baden-Baden,477.5,1294.3,114.9
193,193,08,Baden-Württemberg,08212,Karlsruhe,609.2,1269.6,117.4
194,194,08,Baden-Württemberg,08215,Karlsruhe,738.2,986.7,62.7
195,195,08,Baden-Württemberg,08216,Rastatt,572.5,1119.0,70.3
196,196,08,Baden-Württemberg,08221,Heidelberg,1125.3,953.9,96.6
197,197,08,Baden-Württemberg,08222,Mannheim,1618.5,1176.7,135.9
198,198,08,Baden-Württemberg,08225,Neckar-Odenwald-Kreis,996.3,856.3,50.2
199,199,08,Baden-Württemberg,08226,Rhein-Neckar-Kreis,646.2,1231.7,58.4
200,200,08,Baden-Württemberg,08231,Pforzheim,1133.9,895.1,92.2
201,201,08,Baden-Württemberg,08235,Calw,1145.8,869.9,45.0
202,202,08,Baden-Württemberg,08236,Enzkreis,425.8,989.2,50.9
203,203,08,Baden-Württemberg,08237,Freudenstadt,411.6,1088.2,66.5
204,204,08,Baden-Württemberg,08311,Freiburg im Breisgau,727.1,1024.6,84.7
205,205,08,Baden-Württemberg,08315,Breisgau-Hochschwarzwald,641.5,902.6,45.4
206,206,08,Baden-Württemberg,08316,Emmendingen,568.7,889.9,45.2
207,207,08,Baden-Württemberg,08317,Ortenaukreis,332.7,999.3,69.9
208,208,08,Baden-Württemberg,08325,Rottweil,153.7,1199.4,71.0
209,209,08,Baden-Württemberg,08326,Schwarzwald-Baar-Kreis,409.7,987.8,67.8
210,210,08,Baden-Württemberg,08327,Tuttlingen,649.6,1195.1,78.7
211,211,08,Baden-Württemberg,08335,Konstanz,339.0,1005.2,56.7
212,212,08,Baden-Württemberg,08336,Lörrach,463.7,1058.7,59.6
213,213,08,Baden-Württemberg,08337,Waldshut,579.6,965.8,55.9
214,214,08,Baden-Württemberg,08415,Reutlingen,713.7,1078.8,69.7
215,215,08,Baden-Württemberg,08416,Tübingen,552.7,904.8,49.5
216,216,08,Baden-Württemberg,08417,Zollernalbkreis,613.2,1002.6,64.0
217,217,08,Baden-Württemberg,08421,Ulm,881.9,1356.7,130.1
218,218,08,Baden-Württemberg,08425,Alb-Donau-Kreis,305.3,1024.1,53.4
219,219,08,Baden-Württemberg,08426,Biberach,209.9,1313.0,74.9
220,220,08,Baden-Württemberg,08435,Bodenseekreis,454.8,1131.3,68.9
221,221,08,Baden-Württemberg,08436,Ravensburg,529.8,967.3,62.4
222,222,08,Baden-Württemberg,08437,Sigmaringen,280.4,880.1,55.8
223,223,09,Freistaat Bayern,09161,Ingolstadt,74.9,1056.0,137.1
224,224,09,Freistaat Bayern,09162,München,498.0,1621.4,150.8
225,225,09,Freistaat Bayern,09163,Rosenheim,1307.4,1029.3,100.6
226,226,09,Freistaat Bayern,09171,Altötting,1049.9,1482.2,84.2
227,227,09,Freistaat Bayern,09172,Berchtesgadener Land,1016.9,855.0,51.8
228,228,09,Freistaat Bayern,09173,Bad Tölz-Wolfratshausen,767.6,1008.1,44.3
229,229,09,Freistaat Bayern,09174,Dachau,535.1,1100.1,39.6
230,230,09,Freistaat Bayern,09175,Ebersberg,953.5,1148.9,39.7
231,231,09,Freistaat Bayern,09176,Eichstätt,266.7,1005.8,41.3
232,232,09,Freistaat Bayern,09177,Erding,522.4,1230.1,44.0
233,233,09,Freistaat Bayern,09178,Freising,852.7,1297.8,75.4
234,234,09,Freistaat Bayern,09179,Fürstenfeldbruck,800.4,1094.3,36.9
235,235,09,Freistaat Bayern,09180,Garmisch-Partenkirchen,967.8,918.2,47.5
236,236,09,Freistaat Bayern,09181,Landsberg am Lech,1319.8,1104.5,41.9
237,237,09,Freistaat Bayern,09182,Miesbach,2053.3,1166.3,57.0
238,238,09,Freistaat Bayern,09183,Mühldorf a.Inn,1121.7,947.4,53.2
239,239,09,Freistaat Bayern,09184,München,551.0,2454.2,137.9
240,240,09,Freistaat Bayern,09185,Neuburg-Schrobenhausen,799.1,934.0,51.1
241,241,09,Freistaat Bayern,09186,Pfaffenhofen a.d.Ilm,369.4,1133.5,46.6
242,242,09,Freistaat Bayern,09187,Rosenheim,893.3,952.8,46.8
243,243,09,Freistaat Bayern,09188,Starnberg,412.1,1467.2,64.1
244,244,09,Freistaat Bayern,09189,Traunstein,778.0,1035.7,61.8
245,245,09,Freistaat Bayern,09190,Weilheim-Schongau,501.3,1130.6,56.1
246,246,09,Freistaat Bayern,09261,Landshut,1884.1,1089.0,85.6
247,247,09,Freistaat Bayern,09262,Passau,2796.7,1049.1,117.5
248,248,09,Freistaat Bayern,09263,Straubing,1926.7,995.4,104.2
249,249,09,Freistaat Bayern,09271,Deggendorf,970.8,845.7,59.0
250,250,09,Freistaat Bayern,09272,Freyung-Grafenau,1421.2,697.2,40.1
251,251,09,Freistaat Bayern,09273,Kelheim,440.4,917.5,50.6
252,252,09,Freistaat Bayern,09274,Landshut,465.8,1043.1,49.7
253,253,09,Freistaat Bayern,09275,Passau,1098.4,811.4,43.7
254,254,09,Freistaat Bayern,09276,Regen,1373.5,754.7,51.7
255,255,09,Freistaat Bayern,09277,Rottal-Inn,1356.9,874.4,50.3
256,256,09,Freistaat Bayern,09278,Straubing-Bogen,433.3,863.5,33.5
257,257,09,Freistaat Bayern,09279,Dingolfing-Landau,535.8,1504.4,94.9
258,258,09,Freistaat Bayern,09361,Amberg,673.3,1042.9,90.2
259,259,09,Freistaat Bayern,09362,Regensburg,880.6,1472.8,146.0
260,260,09,Freistaat Bayern,09363,Weiden i.d.OPf.,1513.2,957.4,101.8
261,261,09,Freistaat Bayern,09371,Amberg-Sulzbach,1412.0,797.2,42.3
262,262,09,Freistaat Bayern,09372,Cham,1141.0,832.5,52.8
263,263,09,Freistaat Bayern,09373,Neumarkt i.d.OPf.,222.2,945.8,49.5
264,264,09,Freistaat Bayern,09374,Neustadt a.d.Waldnaab,639.5,867.3,43.1
265,265,09,Freistaat Bayern,09375,Regensburg,429.1,900.7,31.3
266,266,09,Freistaat Bayern,09376,Schwandorf,1089.8,896.5,54.5
267,267,09,Freistaat Bayern,09377,Tirschenreuth,1331.9,851.7,48.9
268,268,09,Freistaat Bayern,09461,Bamberg,223.9,1085.1,115.2
269,269,09,Freistaat Bayern,09462,Bayreuth,1463.5,1384.9,104.5
270,270,09,Freistaat Bayern,09463,Coburg,431.7,1905.5,172.6
271,271,09,Freistaat Bayern,09464,Hof,1779.8,844.4,86.2
272,272,09,Freistaat Bayern,09471,Bamberg,517.4,912.7,37.4
273,273,09,Freistaat Bayern,09472,Bayreuth,1722.1,771.2,35.7
274,274,09,Freistaat Bayern,09473,Coburg,1094.8,816.4,59.9
275,275,09,Freistaat Bayern,09474,Forchheim,867.2,887.4,35.3
276,276,09,Freistaat Bayern,09475,Hof,1036.9,860.2,58.7
277,277,09,Freistaat Bayern,09476,Kronach,1435.1,821.8,62.0
278,278,09,Freistaat Bayern,09477,Kulmbach,1040.1,904.2,63.6
279,279,09,Freistaat Bayern,09478,Lichtenfels,1691.8,870.5,69.5
280,280,09,Freistaat Bayern,09479,Wunsiedel i.Fichtelgebirge,2732.0,802.8,62.3
281,281,09,Freistaat Bayern,09561,Ansbach,627.5,980.7,94.8
282,282,09,Freistaat Bayern,09562,Erlangen,1389.1,1349.5,151.3
283,283,09,Freistaat Bayern,09563,Fürth,1765.4,960.2,72.4
284,284,09,Freistaat Bayern,09564,Nürnberg,2727.0,1145.2,128.3
285,285,09,Freistaat Bayern,09565,Schwabach,1219.4,1090.5,67.4
286,286,09,Freistaat Bayern,09571,Ansbach,938.5,858.3,50.8
287,287,09,Freistaat Bayern,09572,Erlangen-Höchstadt,688.4,1216.2,54.5
288,288,09,Freistaat Bayern,09573,Fürth,918.8,938.1,32.8
289,289,09,Freistaat Bayern,09574,Nürnberger Land,832.0,1033.4,51.4
290,290,09,Freistaat Bayern,09575,Neustadt a.d.Aisch-Bad Windsheim,675.2,829.0,46.9
291,291,09,Freistaat Bayern,09576,Roth,453.7,935.5,43.3
292,292,09,Freistaat Bayern,09577,Weißenburg-Gunzenhausen,638.5,808.1,48.3
293,293,09,Freistaat Bayern,09661,Aschaffenburg,908.5,1185.4,120.4
294,294,09,Freistaat Bayern,09662,Schweinfurt,436.9,1388.7,179.0
295,295,09,Freistaat Bayern,09663,Würzburg,1787.8,1095.6,118.6
296,296,09,Freistaat Bayern,09671,Aschaffenburg,639.0,1108.1,51.6
297,297,09,Freistaat Bayern,09672,Bad Kissingen,738.9,782.2,46.5
298,298,09,Freistaat Bayern,09673,Rhön-Grabfeld,1006.8,772.8,58.1
299,299,09,Freistaat Bayern,09674,Haßberge,903.5,830.2,49.1
300,300,09,Freistaat Bayern,09675,Kitzingen,554.0,1003.9,56.4
301,301,09,Freistaat Bayern,09676,Miltenberg,920.9,912.6,51.9
302,302,09,Freistaat Bayern,09677,Main-Spessart,865.2,981.2,59.9
303,303,09,Freistaat Bayern,09678,Schweinfurt,483.8,843.5,32.6
304,304,09,Freistaat Bayern,09679,Würzburg,639.9,901.0,37.6
305,305,09,Freistaat Bayern,09761,Augsburg,1391.4,942.1,95.3
306,306,09,Freistaat Bayern,09762,Kaufbeuren,591.0,807.7,55.5
307,307,09,Freistaat Bayern,09763,Kempten (Allgäu),37.5,1022.8,93.1
308,308,09,Freistaat Bayern,09764,Memmingen,579.0,1270.8,104.3
309,309,09,Freistaat Bayern,09771,Aichach-Friedberg,565.5,958.8,42.1
310,310,09,Freistaat Bayern,09772,Augsburg,627.3,997.5,44.1
311,311,09,Freistaat Bayern,09773,Dillingen a.d.Donau,1123.2,1029.0,53.6
312,312,09,Freistaat Bayern,09774,Günzburg,559.8,862.5,60.0
313,313,09,Freistaat Bayern,09775,Neu-Ulm,581.7,1081.5,60.9
314,314,09,Freistaat Bayern,09776,Lindau (Bodensee),971.3,1007.5,58.9
315,315,09,Freistaat Bayern,09777,Ostallgäu,1240.6,992.6,50.1
316,316,09,Freistaat Bayern,09778,Unterallgäu,709.7,1034.0,48.4
317,317,09,Freistaat Bayern,09779,Donau-Ries,577.2,1106.0,70.6
318,318,09,Freistaat Bayern,09780,Oberallgäu,1377.9,895.6,49.5
319,319,10,Saarland,10041,Regionalverband Saarbrücken,4956.6,751.6,93.7
320,320,10,Saarland,10042,Landkreis Merzig-Wadern,2478.4,573.6,49.9
321,321,10,Saarland,10043,Landkreis Neunkirchen,2544.8,589.5,51.9
322,322,10,Saarland,10044,Landkreis Saarlouis,2453.2,676.2,73.7
323,323,10,Saarland,10045,Saarpfalz-Kreis,3746.1,821.7,84.4
324,324,10,Saarland,10046,Landkreis St. Wendel,3107.3,649.6,52.0
325,325,11,Berlin,11000,Berlin,0.0,833.2,65.0
326,326,12,Brandenburg,12051,Brandenburg an der Havel,2276.1,584.3,65.7
327,327,12,Brandenburg,12052,Cottbus,2711.0,666.3,82.4
328,328,12,Brandenburg,12053,Frankfurt (Oder),2208.2,597.5,77.9
329,329,12,Brandenburg,12054,Potsdam,410.0,807.4,79.1
330,330,12,Brandenburg,12060,Barnim,232.8,595.7,35.7
331,331,12,Brandenburg,12061,Dahme-Spreewald,459.7,1511.4,51.5
332,332,12,Brandenburg,12062,Elbe-Elster,537.2,482.6,42.2
333,333,12,Brandenburg,12063,Havelland,506.4,608.5,35.9
334,334,12,Brandenburg,12064,Märkisch-Oderland,368.0,597.5,33.5
335,335,12,Brandenburg,12065,Oberhavel,139.8,837.2,51.0
336,336,12,Brandenburg,12066,Oberspreewald-Lausitz,528.6,576.4,60.8
337,337,12,Brandenburg,12067,Oder-Spree,1135.6,590.5,44.4
338,338,12,Brandenburg,12068,Ostprignitz-Ruppin,824.3,587.5,46.8
339,339,12,Brandenburg,12069,Potsdam-Mittelmark,423.7,703.8,39.9
340,340,12,Brandenburg,12070,Prignitz,410.1,554.4,44.4
341,341,12,Brandenburg,12071,Spree-Neiße,1229.6,573.3,59.6
342,342,12,Brandenburg,12072,Teltow-Fläming,800.1,935.6,56.8
343,343,12,Brandenburg,12073,Uckermark,704.2,550.8,45.6
344,344,13,Mecklenburg-Vorpommern,13003,"Rostock, Hansestadt",656.7,675.5,74.6
345,345,13,Mecklenburg-Vorpommern,13004,"Schwerin, Landeshauptstadt",2407.6,640.1,88.3
346,346,13,Mecklenburg-Vorpommern,13071,Mecklenburgische Seenplatte,1688.9,549.5,52.2
347,347,13,Mecklenburg-Vorpommern,13072,Landkreis Rostock,1222.6,571.0,39.6
348,348,13,Mecklenburg-Vorpommern,13073,Vorpommern-Rügen,1562.2,531.6,46.4
349,349,13,Mecklenburg-Vorpommern,13074,Nordwestmecklenburg,1590.4,595.5,42.6
350,350,13,Mecklenburg-Vorpommern,13075,Vorpommern-Greifswald,2088.8,480.9,46.3
351,351,13,Mecklenburg-Vorpommern,13076,Ludwigslust-Parchim,1379.6,606.8,40.6
352,352,14,Sachsen,14511,Chemnitz,630.4,632.5,88.1
353,353,14,Sachsen,14521,Erzgebirgskreis,619.5,495.0,51.1
354,354,14,Sachsen,14522,Mittelsachsen,459.4,571.2,60.3
355,355,14,Sachsen,14523,Vogtlandkreis,956.0,532.7,57.6
356,356,14,Sachsen,14524,Zwickau,506.8,578.0,71.8
357,357,14,Sachsen,14612,Dresden,0.0,754.4,81.9
358,358,14,Sachsen,14625,Bautzen,558.3,582.9,61.0
359,359,14,Sachsen,14626,Görlitz,921.8,478.5,55.0
360,360,14,Sachsen,14627,Meißen,666.6,622.4,61.4
361,361,14,Sachsen,14628,Sächsische Schweiz-Osterzgebirge,626.6,536.1,49.3
362,362,14,Sachsen,14713,Leipzig,996.9,635.5,79.8
363,363,14,Sachsen,14729,Leipzig,707.4,598.1,53.6
364,364,14,Sachsen,14730,Nordsachsen,1242.0,569.6,58.5
365,365,15,Sachsen-Anhalt,15001,Dessau-Roßlau,205.0,539.6,72.9
366,366,15,Sachsen-Anhalt,15002,Halle (Saale),1761.0,487.6,69.7
367,367,15,Sachsen-Anhalt,15003,Magdeburg,476.5,638.7,85.0
368,368,15,Sachsen-Anhalt,15081,Altmarkkreis Salzwedel,930.7,530.8,48.2
369,369,15,Sachsen-Anhalt,15082,Anhalt-Bitterfeld,1675.7,597.6,58.1
370,370,15,Sachsen-Anhalt,15083,Börde,678.4,645.7,56.8
371,371,15,Sachsen-Anhalt,15084,Burgenlandkreis,1038.0,770.4,50.8
372,372,15,Sachsen-Anhalt,15085,Harz,1635.6,527.7,54.1
373,373,15,Sachsen-Anhalt,15086,Jerichower Land,1135.8,542.4,46.7
374,374,15,Sachsen-Anhalt,15087,Mansfeld-Südharz,2032.6,421.7,42.4
375,375,15,Sachsen-Anhalt,15088,Saalekreis,1034.4,865.7,61.6
376,376,15,Sachsen-Anhalt,15089,Salzlandkreis,1941.3,523.8,51.1
377,377,15,Sachsen-Anhalt,15090,Stendal,1286.9,471.7,46.5
378,378,15,Sachsen-Anhalt,15091,Wittenberg,1634.1,533.3,52.5
379,379,16,Thüringen,16051,Erfurt,587.7,665.6,87.6
380,380,16,Thüringen,16052,Gera,1458.4,516.1,70.7
381,381,16,Thüringen,16053,Jena,181.8,732.0,74.6
382,382,16,Thüringen,16054,Suhl,462.9,625.6,83.9
383,383,16,Thüringen,16055,Weimar,1140.4,536.9,53.8
384,384,16,Thüringen,16056,Eisenach,571.1,602.1,92.0
385,385,16,Thüringen,16061,Eichsfeld,636.7,524.5,46.7
386,386,16,Thüringen,16062,Nordhausen,1018.9,495.8,56.1
387,387,16,Thüringen,16063,Wartburgkreis,506.5,622.7,48.9
388,388,16,Thüringen,16064,Unstrut-Hainich-Kreis,947.4,508.1,45.9
389,389,16,Thüringen,16065,Kyffhäuserkreis,1618.2,469.9,38.8
390,390,16,Thüringen,16066,Schmalkalden-Meiningen,295.2,555.8,50.6
391,391,16,Thüringen,16067,Gotha,638.8,578.2,55.8
392,392,16,Thüringen,16068,Sömmerda,1427.6,567.5,45.0
393,393,16,Thüringen,16069,Hildburghausen,701.4,581.8,43.0
394,394,16,Thüringen,16070,Ilm-Kreis,821.7,641.6,53.1
395,395,16,Thüringen,16071,Weimarer Land,487.8,577.0,44.3
396,396,16,Thüringen,16072,Sonneberg,1279.8,588.4,54.5
397,397,16,Thüringen,16073,Saalfeld-Rudolstadt,879.9,550.8,56.0
398,398,16,Thüringen,16074,Saale-Holzland-Kreis,542.5,556.5,48.8
399,399,16,Thüringen,16075,Saale-Orla-Kreis,1301.2,578.8,57.6
400,400,16,Thüringen,16076,Greiz,993.8,527.1,43.4
401,401,16,Thüringen,16077,Altenburger Land,1035.8,472.4,45.8
